{"cameraMode":{"drawMode":0,"name":"Shaded","section":"Shading Mode"},"sceneLighting":true,"audioPlay":false,"sceneViewState":{"showFog":true,"showMaterialUpdate":false,"showSkybox":true,"showFlares":true,"showImageEffects":true,"showParticleSystems":true},"in2DMode":false,"pivot":{"x":-0.8119083642959595,"y":0.5550309419631958,"z":-0.3951382637023926},"rotation":{"x":-0.0760001689195633,"y":0.8704235553741455,"z":-0.14226572215557099,"w":-0.4651501178741455},"size":6.1839165687561039,"orthographic":false}