{"cameraMode":{"drawMode":0,"name":"Shaded","section":"Shading Mode"},"sceneLighting":true,"audioPlay":false,"sceneViewState":{"showFog":true,"showMaterialUpdate":false,"showSkybox":true,"showFlares":true,"showImageEffects":true,"showParticleSystems":true},"in2DMode":false,"pivot":{"x":0.00025547295808792114,"y":0.9732036590576172,"z":0.02430812269449234},"rotation":{"x":0.21659889817237855,"y":-0.5984398722648621,"z":0.17240573465824128,"w":0.7518234252929688},"size":2.372828960418701,"orthographic":false}